model,f1_Score
lstm,0.9796145230382277
gru,0.9800894127665296
