model,f1,precision,recall
logistic_regression,0.9538917286245353,0.984497146419836,0.9251318220740006
linear_svm,0.9551352323281537,0.9842799249261814,0.9276668619586281
